SampleID	Plate	Barcode	Timepoint	Cohort	Mouse	Treatment	Diet	TreatDiet	Weight	Weight_group
#q2:types	categorical	categorical	categorical	categorical	categorical	categorical	categorical	categorical	numeric	categorical
1-1-1	1	ATGTTAGGGAAT	1	1	1	BBS	WD	BBS + WD	39	High
1-1-2	1	AAGTGGCTATCC	2	1	1	BBS	WD	BBS + WD	39	High
1-1-3	1	GTCGTTACCCGC	3	1	1	BBS	WD	BBS + WD	39	High
1-1-4	1	AGTATATGTTTC	4	1	1	BBS	WD	BBS + WD	39	High
2-1-1	1	GAACGATCATGT	1	1	2	BBS	WD	BBS + WD	34	Medium
2-1-2	1	CTCCACATTCCT	2	1	2	BBS	WD	BBS + WD	34	Medium
2-1-3	1	TCTTCGCAGCAG	3	1	2	BBS	WD	BBS + WD	34	Medium
2-1-4	1	CACGCTATTGGA	4	1	2	BBS	WD	BBS + WD	34	Medium
3-1-1	2	CTACAGGGTCTC	1	1	3	BBS	WD	BBS + WD	29	Low
3-1-2	2	GTTCATTAAACT	2	1	3	BBS	WD	BBS + WD	29	Low
3-1-3	2	TTCGATGCCGCA	3	1	3	BBS	WD	BBS + WD	29	Low
3-1-4	2	TCGTTATTCAGT	4	1	3	BBS	WD	BBS + WD	29	Low
4-1-1	3	TGGACTCAGCTA	1	1	4	BBS	WD	BBS + WD	31	Medium
4-1-2	3	TGTTGCGTTTCT	2	1	4	BBS	WD	BBS + WD	31	Medium
4-1-3	3	GCTATATCCAGG	3	1	4	BBS	WD	BBS + WD	31	Medium
4-1-4	3	TGAAAGCGGCGA	4	1	4	BBS	WD	BBS + WD	31	Medium
5-1-1	1	GATCCGGCAGGA	1	1	5	BBS	CD	BBS + CD	30	Medium
5-1-2	1	CTTCCAACTCAT	2	1	5	BBS	CD	BBS + CD	30	Medium
5-1-3	1	CGACCTCGCATA	3	1	5	BBS	CD	BBS + CD	30	Medium
5-1-4	1	GTCAGAGTATTG	4	1	5	BBS	CD	BBS + CD	30	Medium
6-1-1	3	GTTCGGTGTCCA	1	1	6	BBS	CD	BBS + CD	28	Low
6-1-2	3	GCAAGAATACAT	2	1	6	BBS	CD	BBS + CD	28	Low
6-1-3	3	CAGGGTAGGGTA	3	1	6	BBS	CD	BBS + CD	28	Low
6-1-4	3	CTAGTCGCTGGT	4	1	6	BBS	CD	BBS + CD	28	Low
7-1-1	2	CAATCATAGGTG	1	1	7	BBS	CD	BBS + CD	31	Medium
7-1-2	2	CCGATAAAGGTT	2	1	7	BBS	CD	BBS + CD	31	Medium
7-1-3	2	GCGTGCCCGGCC	3	1	7	BBS	CD	BBS + CD	31	Medium
7-1-4	2	TAAACCTGGACA	4	1	7	BBS	CD	BBS + CD	31	Medium
8-1-1	1	TCAGTCAGATGA	1	1	8	BBS	CD	BBS + CD	30	Medium
8-1-2	1	CGAACGTCTATG	2	1	8	BBS	CD	BBS + CD	30	Medium
8-1-3	1	CAGTCCCTGCAC	3	1	8	BBS	CD	BBS + CD	30	Medium
8-1-4	1	TGATTTAATTGC	4	1	8	BBS	CD	BBS + CD	30	Medium
10-1-1	1	TGCGCGCCTTCC	1	1	10	M. vaccae	WD	Mv + WD	37	High
10-1-2	1	GCGCACACCTTC	2	1	10	M. vaccae	WD	Mv + WD	37	High
10-1-3	1	CACGAAAGCAGG	3	1	10	M. vaccae	WD	Mv + WD	37	High
10-1-4	1	CGTGGCTTTCCG	4	1	10	M. vaccae	WD	Mv + WD	37	High
11-1-1	2	GTTGGACGAAGG	1	1	11	M. vaccae	WD	Mv + WD	29	Low
11-1-2	2	CAGGAACCAGGA	2	1	11	M. vaccae	WD	Mv + WD	29	Low
11-1-3	2	CAAAGGAGCCCG	3	1	11	M. vaccae	WD	Mv + WD	29	Low
11-1-4	2	CCAACCCAGATC	4	1	11	M. vaccae	WD	Mv + WD	29	Low
12-1-1	1	ATTTGGCTCTTA	1	1	12	M. vaccae	WD	Mv + WD	40	High
12-1-2	1	CGCGTCAAACTA	2	1	12	M. vaccae	WD	Mv + WD	40	High
12-1-3	1	ATGTTCCTCATC	3	1	12	M. vaccae	WD	Mv + WD	40	High
12-1-4	1	TCCGTGGTATAG	4	1	12	M. vaccae	WD	Mv + WD	40	High
13-1-1	2	CGTTCTGGTGGT	1	1	13	M. vaccae	CD	Mv + CD	28	Low
13-1-2	2	ATCGTAGTGGTC	2	1	13	M. vaccae	CD	Mv + CD	28	Low
13-1-3	2	CGCTGTGGATTA	3	1	13	M. vaccae	CD	Mv + CD	28	Low
13-1-4	2	AGCCGCGGGTCC	4	1	13	M. vaccae	CD	Mv + CD	28	Low
15-1-1	1	TCATCCGTCGGC	1	1	15	M. vaccae	CD	Mv + CD	28	Low
15-1-2	1	GGCTTCGGAGCG	2	1	15	M. vaccae	CD	Mv + CD	28	Low
15-1-3	1	CGGTCAATTGAC	3	1	15	M. vaccae	CD	Mv + CD	28	Low
15-1-4	1	TCCGCTGCTGAC	4	1	15	M. vaccae	CD	Mv + CD	28	Low
16-1-1	1	GTAAACGACTTG	1	1	16	M. vaccae	CD	Mv + CD	29	Low
16-1-2	1	TTGGACGTCCAC	2	1	16	M. vaccae	CD	Mv + CD	29	Low
16-1-3	1	GCACGCGAGCAC	3	1	16	M. vaccae	CD	Mv + CD	29	Low
16-1-4	1	CTTAGGCATGTG	4	1	16	M. vaccae	CD	Mv + CD	29	Low
17-2-1	1	CTGGTCTTACGG	1	2	17	BBS	WD	BBS + WD	37	High
17-2-2	1	ATGCCGGTAATA	2	2	17	BBS	WD	BBS + WD	37	High
17-2-3	1	ATCAAGATACGC	3	2	17	BBS	WD	BBS + WD	37	High
17-2-4	1	CTGAGGCCCTTC	4	2	17	BBS	WD	BBS + WD	37	High
18-2-1	3	CTAACCTCATAT	1	2	18	BBS	WD	BBS + WD	37	High
18-2-2	3	CTTCGGAGGGAG	2	2	18	BBS	WD	BBS + WD	37	High
18-2-3	3	GTGACCCTGTCA	3	2	18	BBS	WD	BBS + WD	37	High
18-2-4	3	GAGAATGGAAAG	4	2	18	BBS	WD	BBS + WD	37	High
19-2-1	2	TCATGGCCTCCG	1	2	19	BBS	WD	BBS + WD	40	High
19-2-2	2	ATGTGCTGCTCG	2	2	19	BBS	WD	BBS + WD	40	High
19-2-3	2	CCACGAGCAGGC	3	2	19	BBS	WD	BBS + WD	40	High
19-2-4	2	CGCCGTACTTGC	4	2	19	BBS	WD	BBS + WD	40	High
20-2-1	2	TTAATGGATCGG	1	2	20	BBS	WD	BBS + WD	37	High
20-2-2	2	TAGGAACTCACC	2	2	20	BBS	WD	BBS + WD	37	High
20-2-3	2	ACGACAACGGGC	3	2	20	BBS	WD	BBS + WD	37	High
20-2-4	2	CGATGAATATCG	4	2	20	BBS	WD	BBS + WD	37	High
21-2-1	3	CTACCGATTGCG	1	2	21	BBS	CD	BBS + CD	29	Low
21-2-2	3	GGTAATAGAGTT	2	2	21	BBS	CD	BBS + CD	29	Low
21-2-3	3	GTAAATTCAGGC	3	2	21	BBS	CD	BBS + CD	29	Low
21-2-4	3	AATATCGGGATC	4	2	21	BBS	CD	BBS + CD	29	Low
22-2-1	1	ACATGGGCGGAA	1	2	22	BBS	CD	BBS + CD	30	Medium
22-2-2	1	CTGCGGATATAC	2	2	22	BBS	CD	BBS + CD	30	Medium
22-2-3	1	GTGAGGGCAAGT	3	2	22	BBS	CD	BBS + CD	30	Medium
22-2-4	1	ATATTGGCAGCC	4	2	22	BBS	CD	BBS + CD	30	Medium
23-2-1	1	GCGTGGTCATTA	1	2	23	BBS	CD	BBS + CD	32	Medium
23-2-2	1	CCTGCACCTGCA	2	2	23	BBS	CD	BBS + CD	32	Medium
23-2-3	1	TGGTGTTTATAT	3	2	23	BBS	CD	BBS + CD	32	Medium
23-2-4	1	GTGCGGTTCACT	4	2	23	BBS	CD	BBS + CD	32	Medium
24-2-1	2	ACCTACTTGTCT	1	2	24	BBS	CD	BBS + CD	33	Medium
24-2-2	2	GGAGAACGACAC	2	2	24	BBS	CD	BBS + CD	33	Medium
24-2-3	2	AATTAATATGTA	3	2	24	BBS	CD	BBS + CD	33	Medium
24-2-4	2	CTAATCAGAGTG	4	2	24	BBS	CD	BBS + CD	33	Medium
25-2-1	2	ACCGAACAATCC	1	2	25	M. vaccae	WD	Mv + WD	31	Medium
25-2-2	2	TCGAGAGTTTGC	2	2	25	M. vaccae	WD	Mv + WD	31	Medium
25-2-3	2	GCTGCCCACCTA	3	2	25	M. vaccae	WD	Mv + WD	31	Medium
25-2-4	2	GCATATGCACTG	4	2	25	M. vaccae	WD	Mv + WD	31	Medium
26-2-1	3	AGAAGGCCTTAT	1	2	26	M. vaccae	WD	Mv + WD	31	Medium
26-2-2	3	TTGGAACGGCTT	2	2	26	M. vaccae	WD	Mv + WD	31	Medium
26-2-3	3	TACCTGTGTCTT	3	2	26	M. vaccae	WD	Mv + WD	31	Medium
26-2-4	3	GATGCGCAGGAC	4	2	26	M. vaccae	WD	Mv + WD	31	Medium
27-2-1	1	CCTATTGCGGCC	1	2	27	M. vaccae	WD	Mv + WD	24	Low
27-2-2	1	GTTAGGGAGCGA	2	2	27	M. vaccae	WD	Mv + WD	24	Low
27-2-3	1	AGTACGCAGTCT	3	2	27	M. vaccae	WD	Mv + WD	24	Low
27-2-4	1	TATCCTGGTTTC	4	2	27	M. vaccae	WD	Mv + WD	24	Low
28-2-1	2	ACTGTGACGTCC	1	2	28	M. vaccae	WD	Mv + WD	32	Medium
28-2-2	2	CCTACCATTGTT	2	2	28	M. vaccae	WD	Mv + WD	32	Medium
28-2-3	2	CATTTCGCACTT	3	2	28	M. vaccae	WD	Mv + WD	32	Medium
28-2-4	2	CTACTCCACGAG	4	2	28	M. vaccae	WD	Mv + WD	32	Medium
29-2-1	1	GCTAGTTATGGA	1	2	29	M. vaccae	CD	Mv + CD	27	Low
29-2-2	1	ACTAGTTGGACC	2	2	29	M. vaccae	CD	Mv + CD	27	Low
29-2-3	1	CGCAAGCCCGCG	3	2	29	M. vaccae	CD	Mv + CD	27	Low
29-2-4	1	AGAGCGGAACAA	4	2	29	M. vaccae	CD	Mv + CD	27	Low
31-2-1	1	ACAAAGGTATCA	1	2	31	M. vaccae	CD	Mv + CD	32	Medium
31-2-2	1	TGAACCCTATGG	2	2	31	M. vaccae	CD	Mv + CD	32	Medium
31-2-3	1	AATAAGCAATAG	3	2	31	M. vaccae	CD	Mv + CD	32	Medium
31-2-4	1	TATGGGTAGCTA	4	2	31	M. vaccae	CD	Mv + CD	32	Medium
32-2-1	2	TGAGTCATTGAG	1	2	32	M. vaccae	CD	Mv + CD	27	Low
32-2-2	2	TCCACAGGGTTC	2	2	32	M. vaccae	CD	Mv + CD	27	Low
32-2-3	2	AGATCGTGCCTA	3	2	32	M. vaccae	CD	Mv + CD	27	Low
32-2-4	2	CCTCACTAGCGA	4	2	32	M. vaccae	CD	Mv + CD	27	Low
33-3-1	2	CTATATTATCCG	1	3	33	BBS	WD	BBS + WD	36	High
33-3-2	2	CAAACTGCGTTG	2	3	33	BBS	WD	BBS + WD	36	High
33-3-3	2	CTGACACGAATA	3	3	33	BBS	WD	BBS + WD	36	High
33-3-4	2	AGCAGTGCGGTG	4	3	33	BBS	WD	BBS + WD	36	High
34-3-1	1	GTTGGTTGGCAT	1	3	34	BBS	WD	BBS + WD	32	Medium
34-3-2	1	AACGGGCGACGT	2	3	34	BBS	WD	BBS + WD	32	Medium
34-3-3	1	TACTGAGCCTCG	3	3	34	BBS	WD	BBS + WD	32	Medium
34-3-4	1	GGTGCAGACAGA	4	3	34	BBS	WD	BBS + WD	32	Medium
35-3-1	3	GAGAGGGATCAC	1	3	35	BBS	WD	BBS + WD	37	High
35-3-2	3	TTGCGACAAAGT	2	3	35	BBS	WD	BBS + WD	37	High
35-3-3	3	CAGTGTCATGAA	3	3	35	BBS	WD	BBS + WD	37	High
35-3-4	3	CATTCAGTTATA	4	3	35	BBS	WD	BBS + WD	37	High
36-3-1	1	ACATAGCGGTTC	1	3	36	BBS	WD	BBS + WD	38	High
36-3-2	1	CTTACACTGCTT	2	3	36	BBS	WD	BBS + WD	38	High
36-3-4	1	ACTCACAGGAAT	3	3	36	BBS	WD	BBS + WD	38	High
36-3-3	1	GTTGAAGCACCT	4	3	36	BBS	WD	BBS + WD	38	High
37-3-1	3	TAGGAGAGACAG	1	3	37	BBS	CD	BBS + CD	28	Low
37-3-2	3	GGTGTGAGAAAG	2	3	37	BBS	CD	BBS + CD	28	Low
37-3-3	3	ACCTATGGTGAA	3	3	37	BBS	CD	BBS + CD	28	Low
37-3-4	3	ACGCCGAGGTAG	4	3	37	BBS	CD	BBS + CD	28	Low
38-3-1	1	CAATAGAATAAG	1	3	38	BBS	CD	BBS + CD	33	Medium
38-3-2	1	TATACCGCTGCG	2	3	38	BBS	CD	BBS + CD	33	Medium
38-3-3	1	CAGTGCACGTCT	3	3	38	BBS	CD	BBS + CD	33	Medium
38-3-4	1	CTGGTGCTGAAT	4	3	38	BBS	CD	BBS + CD	33	Medium
39-3-1	2	ACGGTACCCTAC	1	3	39	BBS	CD	BBS + CD	30	Medium
39-3-2	2	CGACACGGAGAA	2	3	39	BBS	CD	BBS + CD	30	Medium
39-3-3	2	GCGTTTGCTAGC	3	3	39	BBS	CD	BBS + CD	30	Medium
39-3-4	2	CCGGCGACAGAA	4	3	39	BBS	CD	BBS + CD	30	Medium
40-3-1	2	GTCACTCCGAAC	1	3	40	BBS	CD	BBS + CD	28	Low
40-3-2	2	GCATAAACGACT	2	3	40	BBS	CD	BBS + CD	28	Low
40-3-3	2	TGCGGCGTCAGG	3	3	40	BBS	CD	BBS + CD	28	Low
40-3-4	2	TTAAGTTAAGTT	4	3	40	BBS	CD	BBS + CD	28	Low
41-3-1	2	TAGTTCGGTGAC	1	3	41	M. vaccae	WD	Mv + WD	25	Low
41-3-2	2	ACTAAAGCAAAC	2	3	41	M. vaccae	WD	Mv + WD	25	Low
41-3-3	2	CTTGCTCATAAT	3	3	41	M. vaccae	WD	Mv + WD	25	Low
41-3-4	2	GGTAGTTCATAG	4	3	41	M. vaccae	WD	Mv + WD	25	Low
42-3-1	1	GTTAAGCTGACC	1	3	42	M. vaccae	WD	Mv + WD	25	Low
42-3-2	1	GCCTAGCCCAAT	2	3	42	M. vaccae	WD	Mv + WD	25	Low
42-3-3	1	CATTCGTGGCGT	3	3	42	M. vaccae	WD	Mv + WD	25	Low
42-3-4	1	GCGGTCGGTCAG	4	3	42	M. vaccae	WD	Mv + WD	25	Low
43-3-1	3	AGCTTCGACAGT	1	3	43	M. vaccae	WD	Mv + WD	33	Medium
43-3-2	3	TAAGAAACGTCA	2	3	43	M. vaccae	WD	Mv + WD	33	Medium
43-3-3	3	AGCAACATTGCA	3	3	43	M. vaccae	WD	Mv + WD	33	Medium
43-3-4	3	GCTTCATTTCTG	4	3	43	M. vaccae	WD	Mv + WD	33	Medium
44-3-1	2	TATCATATTACG	1	3	44	M. vaccae	WD	Mv + WD	34	Medium
44-3-2	2	CCTTGACCGATG	2	3	44	M. vaccae	WD	Mv + WD	34	Medium
44-3-3	2	AGCTCTAGAAAC	3	3	44	M. vaccae	WD	Mv + WD	34	Medium
44-3-4	2	AATGTTCAACTT	4	3	44	M. vaccae	WD	Mv + WD	34	Medium
45-3-1	3	CCACTCTCTCTA	1	3	45	M. vaccae	CD	Mv + CD	28	Low
45-3-2	3	GAACAAAGAGCG	2	3	45	M. vaccae	CD	Mv + CD	28	Low
45-3-3	3	GTTCCATCGGCC	3	3	45	M. vaccae	CD	Mv + CD	28	Low
45-3-4	3	ATCGTTATATCA	4	3	45	M. vaccae	CD	Mv + CD	28	Low
46-3-1	2	ACTCTGTAATTA	1	3	46	M. vaccae	CD	Mv + CD	32	Medium
46-3-2	2	ATATGTTCTCAA	2	3	46	M. vaccae	CD	Mv + CD	32	Medium
46-3-3	2	TCAGACCAACTG	3	3	46	M. vaccae	CD	Mv + CD	32	Medium
46-3-4	2	TCATTAGCGTGG	4	3	46	M. vaccae	CD	Mv + CD	32	Medium
47-3-1	1	GGCTCGTCGGAG	1	3	47	M. vaccae	CD	Mv + CD	28	Low
47-3-2	1	GACATCTGACAC	2	3	47	M. vaccae	CD	Mv + CD	28	Low
47-3-3	1	AATTTCCTAACA	3	3	47	M. vaccae	CD	Mv + CD	28	Low
47-3-4	1	ATAAACGGACAT	4	3	47	M. vaccae	CD	Mv + CD	28	Low
48-3-1	2	CTTGGAGGCTTA	1	3	48	M. vaccae	CD	Mv + CD	32	Medium
48-3-2	2	GTGCCGGCCGAC	2	3	48	M. vaccae	CD	Mv + CD	32	Medium
48-3-3	2	AGAGGGTGATCG	3	3	48	M. vaccae	CD	Mv + CD	32	Medium
48-3-4	2	GGATACTCGCAT	4	3	48	M. vaccae	CD	Mv + CD	32	Medium
